{
  "config": {
    "command": "train",
    "p": 0.05,
    "episodes": 3000,
    "eval_episodes": 500,
    "alpha": 0.1,
    "gamma": 0.95,
    "epsilon": 0.1,
    "exploration": "epsilon_greedy",
    "ucb_c": 1.25,
    "reward_shaping": false,
    "seed": 7,
    "save": true
  },
  "optimal_lookup_action_clean": 0,
  "policy": {
    "(0, 0)": 0,
    "(1, 0)": 1,
    "(1, 1)": 2,
    "(0, 1)": 3
  },
  "q_table": {
    "(0, 0)": [
      0.7440741759251414,
      0.5195157454338646,
      0.4282567355016545,
      0.5427158348452132
    ],
    "(1, 0)": [
      0.14182698482770523,
      0.7924696637211301,
      0.15714502838386746,
      0.17449955260300418
    ],
    "(1, 1)": [
      0.21199968746664483,
      0.25687447843622535,
      0.7176028300787263,
      0.1616379089549238
    ],
    "(0, 1)": [
      0.33485678123852,
      0.2200802566121386,
      0.0796127748799144,
      0.6493162847908748
    ]
  }
}